n,Time_t0,Time_t1
1,7.599999662488699e-06,6.00004568696022e-07
2,8.00006091594696e-07,4.00003045797348e-07
3,5.999900167807937e-07,3.00002284348011e-07
4,6.00004568696022e-07,3.00002284348011e-07
5,5.999900167807937e-07,3.00002284348011e-07
6,4.00003045797348e-07,3.00002284348011e-07
7,3.9998849388211966e-07,3.00002284348011e-07
8,1.1999945854768157e-06,7.00005330145359e-07
9,5.999900167807937e-07,4.00003045797348e-07
10,4.00003045797348e-07,4.00003045797348e-07
11,4.00003045797348e-07,2.9998773243278265e-07
12,4.999892553314567e-07,3.00002284348011e-07
13,4.00003045797348e-07,3.00002284348011e-07
14,4.00003045797348e-07,3.00002284348011e-07
15,3.9998849388211966e-07,3.00002284348011e-07
16,4.00003045797348e-07,3.00002284348011e-07
17,4.00003045797348e-07,3.00002284348011e-07
18,4.999892553314567e-07,3.00002284348011e-07
19,4.00003045797348e-07,3.00002284348011e-07
20,4.00003045797348e-07,2.9998773243278265e-07
21,3.9998849388211966e-07,3.00002284348011e-07
22,4.00003045797348e-07,4.00003045797348e-07
23,4.00003045797348e-07,3.00002284348011e-07
24,4.00003045797348e-07,2.9998773243278265e-07
25,4.00003045797348e-07,3.00002284348011e-07
26,4.00003045797348e-07,3.00002284348011e-07
27,4.00003045797348e-07,3.00002284348011e-07
28,4.00003045797348e-07,2.9998773243278265e-07
29,4.00003045797348e-07,3.00002284348011e-07
30,4.00003045797348e-07,3.00002284348011e-07
31,3.9998849388211966e-07,3.00002284348011e-07
32,4.00003045797348e-07,3.00002284348011e-07
33,4.00003045797348e-07,2.9998773243278265e-07
34,4.999892553314567e-07,3.00002284348011e-07
35,5.00003807246685e-07,3.00002284348011e-07
36,4.00003045797348e-07,3.00002284348011e-07
37,3.9998849388211966e-07,2.9998773243278265e-07
38,4.00003045797348e-07,3.00002284348011e-07
39,4.00003045797348e-07,3.00002284348011e-07
40,4.999892553314567e-07,3.00002284348011e-07
41,4.00003045797348e-07,3.00002284348011e-07
42,4.00003045797348e-07,3.00002284348011e-07
43,3.9998849388211966e-07,3.00002284348011e-07
44,4.00003045797348e-07,3.00002284348011e-07
45,4.00003045797348e-07,3.00002284348011e-07
46,4.00003045797348e-07,2.9998773243278265e-07
47,4.00003045797348e-07,3.00002284348011e-07
48,4.00003045797348e-07,3.00002284348011e-07
49,4.00003045797348e-07,3.00002284348011e-07
50,3.9998849388211966e-07,3.00002284348011e-07
51,4.00003045797348e-07,3.00002284348011e-07
52,4.00003045797348e-07,4.00003045797348e-07
53,3.9998849388211966e-07,3.00002284348011e-07
54,4.00003045797348e-07,3.00002284348011e-07
55,4.00003045797348e-07,2.9998773243278265e-07
56,4.00003045797348e-07,3.00002284348011e-07
57,4.00003045797348e-07,3.00002284348011e-07
58,4.00003045797348e-07,2.00001522898674e-07
59,3.9998849388211966e-07,3.00002284348011e-07
60,4.00003045797348e-07,3.00002284348011e-07
61,4.00003045797348e-07,3.00002284348011e-07
62,2.9998773243278265e-07,3.00002284348011e-07
63,4.00003045797348e-07,3.00002284348011e-07
64,4.00003045797348e-07,2.9998773243278265e-07
65,3.9998849388211966e-07,3.00002284348011e-07
66,4.00003045797348e-07,3.00002284348011e-07
67,3.9998849388211966e-07,3.00002284348011e-07
68,4.00003045797348e-07,3.00002284348011e-07
69,4.00003045797348e-07,3.00002284348011e-07
70,4.00003045797348e-07,3.00002284348011e-07
71,4.00003045797348e-07,3.00002284348011e-07
72,4.00003045797348e-07,2.9998773243278265e-07
73,4.00003045797348e-07,3.00002284348011e-07
74,3.9998849388211966e-07,3.00002284348011e-07
75,4.00003045797348e-07,3.00002284348011e-07
76,4.00003045797348e-07,3.00002284348011e-07
77,3.9998849388211966e-07,3.00002284348011e-07
78,4.00003045797348e-07,3.00002284348011e-07
79,3.9998849388211966e-07,3.00002284348011e-07
80,4.00003045797348e-07,2.9998773243278265e-07
81,4.00003045797348e-07,3.00002284348011e-07
82,3.9998849388211966e-07,3.00002284348011e-07
83,4.00003045797348e-07,3.00002284348011e-07
84,4.00003045797348e-07,3.00002284348011e-07
85,4.00003045797348e-07,2.9998773243278265e-07
86,4.00003045797348e-07,3.00002284348011e-07
87,4.00003045797348e-07,3.00002284348011e-07
88,5.00003807246685e-07,3.00002284348011e-07
89,3.9998849388211966e-07,2.9998773243278265e-07
90,4.00003045797348e-07,2.00001522898674e-07
91,4.00003045797348e-07,2.00001522898674e-07
92,4.999892553314567e-07,2.00001522898674e-07
93,4.00003045797348e-07,2.00001522898674e-07
94,4.00003045797348e-07,2.9998773243278265e-07
95,3.9998849388211966e-07,3.00002284348011e-07
96,4.00003045797348e-07,3.00002284348011e-07
97,4.00003045797348e-07,3.00002284348011e-07
98,3.9998849388211966e-07,3.00002284348011e-07
99,4.00003045797348e-07,2.9998773243278265e-07
100,4.00003045797348e-07,3.00002284348011e-07
101,4.00003045797348e-07,3.00002284348011e-07
102,5.4000120144337416e-06,3.00002284348011e-07
103,6.999907782301307e-07,3.00002284348011e-07
104,4.00003045797348e-07,3.00002284348011e-07
105,4.00003045797348e-07,3.00002284348011e-07
106,3.9998849388211966e-07,3.00002284348011e-07
107,4.00003045797348e-07,3.00002284348011e-07
108,4.00003045797348e-07,2.9998773243278265e-07
109,3.9998849388211966e-07,3.00002284348011e-07
110,4.00003045797348e-07,3.00002284348011e-07
111,3.9998849388211966e-07,2.00001522898674e-07
112,4.00003045797348e-07,2.00001522898674e-07
113,4.00003045797348e-07,2.00001522898674e-07
114,3.9998849388211966e-07,2.00001522898674e-07
115,4.00003045797348e-07,3.00002284348011e-07
116,4.00003045797348e-07,3.00002284348011e-07
117,4.00003045797348e-07,2.9998773243278265e-07
118,4.00003045797348e-07,3.00002284348011e-07
119,4.00003045797348e-07,3.00002284348011e-07
120,4.00003045797348e-07,3.00002284348011e-07
121,4.00003045797348e-07,3.00002284348011e-07
122,5.00003807246685e-07,1.3999961083754897e-06
123,4.00003045797348e-07,3.00002284348011e-07
124,3.9998849388211966e-07,2.9998773243278265e-07
125,4.00003045797348e-07,3.00002284348011e-07
126,4.00003045797348e-07,3.00002284348011e-07
127,4.00003045797348e-07,3.00002284348011e-07
128,4.00003045797348e-07,3.00002284348011e-07
129,4.00003045797348e-07,2.9998773243278265e-07
130,3.9998849388211966e-07,3.00002284348011e-07
131,4.00003045797348e-07,3.00002284348011e-07
132,4.00003045797348e-07,3.00002284348011e-07
133,3.9998849388211966e-07,2.9998773243278265e-07
134,4.00003045797348e-07,3.00002284348011e-07
135,4.00003045797348e-07,3.00002284348011e-07
136,4.00003045797348e-07,3.00002284348011e-07
137,4.00003045797348e-07,3.00002284348011e-07
138,4.00003045797348e-07,2.9998773243278265e-07
139,4.00003045797348e-07,3.00002284348011e-07
140,3.9998849388211966e-07,3.00002284348011e-07
141,4.00003045797348e-07,3.00002284348011e-07
142,4.00003045797348e-07,3.00002284348011e-07
143,3.9998849388211966e-07,2.9998773243278265e-07
144,4.00003045797348e-07,3.00002284348011e-07
145,4.00003045797348e-07,3.00002284348011e-07
146,3.9998849388211966e-07,3.00002284348011e-07
147,4.00003045797348e-07,3.00002284348011e-07
148,4.00003045797348e-07,3.00002284348011e-07
149,4.00003045797348e-07,3.00002284348011e-07
150,4.00003045797348e-07,3.00002284348011e-07
151,4.00003045797348e-07,4.00003045797348e-07
152,4.999892553314567e-07,1.9998697098344564e-07
153,4.00003045797348e-07,2.00001522898674e-07
154,4.00003045797348e-07,2.00001522898674e-07
155,4.00003045797348e-07,2.00001522898674e-07
156,3.9998849388211966e-07,2.00001522898674e-07
157,4.00003045797348e-07,2.9998773243278265e-07
158,4.00003045797348e-07,3.00002284348011e-07
159,3.9998849388211966e-07,3.00002284348011e-07
160,4.00003045797348e-07,3.00002284348011e-07
161,4.00003045797348e-07,3.00002284348011e-07
162,4.00003045797348e-07,3.00002284348011e-07
163,4.00003045797348e-07,3.00002284348011e-07
164,4.00003045797348e-07,3.00002284348011e-07
165,4.00003045797348e-07,3.00002284348011e-07
166,3.9998849388211966e-07,2.9998773243278265e-07
167,4.00003045797348e-07,3.00002284348011e-07
168,4.00003045797348e-07,3.00002284348011e-07
169,4.999892553314567e-07,3.00002284348011e-07
170,4.00003045797348e-07,3.00002284348011e-07
171,4.00003045797348e-07,2.9998773243278265e-07
172,3.9998849388211966e-07,3.00002284348011e-07
173,4.00003045797348e-07,3.00002284348011e-07
174,4.00003045797348e-07,2.00001522898674e-07
175,3.9998849388211966e-07,2.00001522898674e-07
176,4.00003045797348e-07,2.00001522898674e-07
177,4.00003045797348e-07,2.00001522898674e-07
178,3.9998849388211966e-07,3.00002284348011e-07
179,4.00003045797348e-07,3.00002284348011e-07
180,4.00003045797348e-07,2.9998773243278265e-07
181,4.00003045797348e-07,3.00002284348011e-07
182,4.00003045797348e-07,3.00002284348011e-07
183,4.00003045797348e-07,3.00002284348011e-07
184,4.00003045797348e-07,3.00002284348011e-07
185,3.9998849388211966e-07,2.9998773243278265e-07
186,4.00003045797348e-07,3.00002284348011e-07
187,4.00003045797348e-07,3.00002284348011e-07
188,3.9998849388211966e-07,3.00002284348011e-07
189,4.00003045797348e-07,3.00002284348011e-07
190,4.00003045797348e-07,2.9998773243278265e-07
191,4.00003045797348e-07,3.00002284348011e-07
192,4.00003045797348e-07,3.00002284348011e-07
193,4.00003045797348e-07,3.00002284348011e-07
194,4.00003045797348e-07,3.00002284348011e-07
195,3.9998849388211966e-07,2.00001522898674e-07
196,4.00003045797348e-07,2.00001522898674e-07
197,5.00003807246685e-07,2.00001522898674e-07
198,3.9998849388211966e-07,2.00001522898674e-07
199,4.00003045797348e-07,2.00001522898674e-07
200,4.00003045797348e-07,2.00001522898674e-07
201,3.9998849388211966e-07,2.00001522898674e-07
202,4.00003045797348e-07,3.00002284348011e-07
203,4.00003045797348e-07,3.00002284348011e-07
204,3.9998849388211966e-07,3.00002284348011e-07
205,4.00003045797348e-07,3.00002284348011e-07
206,4.00003045797348e-07,3.00002284348011e-07
207,3.9998849388211966e-07,3.00002284348011e-07
208,5.00003807246685e-07,2.9998773243278265e-07
209,5.00003807246685e-07,3.00002284348011e-07
210,4.00003045797348e-07,3.00002284348011e-07
211,4.00003045797348e-07,3.00002284348011e-07
212,4.00003045797348e-07,3.00002284348011e-07
213,5.00003807246685e-07,2.9998773243278265e-07
214,3.9998849388211966e-07,2.00001522898674e-07
215,4.00003045797348e-07,2.00001522898674e-07
216,4.00003045797348e-07,2.00001522898674e-07
217,4.999892553314567e-07,2.00001522898674e-07
218,4.00003045797348e-07,1.9998697098344564e-07
219,4.00003045797348e-07,3.00002284348011e-07
220,4.00003045797348e-07,3.00002284348011e-07
221,4.00003045797348e-07,3.00002284348011e-07
222,4.00003045797348e-07,3.00002284348011e-07
223,4.00003045797348e-07,2.9998773243278265e-07
224,3.9998849388211966e-07,3.00002284348011e-07
225,4.00003045797348e-07,3.00002284348011e-07
226,4.00003045797348e-07,3.00002284348011e-07
227,3.9998849388211966e-07,3.00002284348011e-07
228,4.00003045797348e-07,2.9998773243278265e-07
229,5.00003807246685e-07,3.00002284348011e-07
230,1.8999999156221747e-06,3.00002284348011e-07
231,5.999900167807937e-07,3.00002284348011e-07
232,5.00003807246685e-07,3.00002284348011e-07
233,5.999900167807937e-07,3.00002284348011e-07
234,4.00003045797348e-07,2.00001522898674e-07
235,4.00003045797348e-07,2.00001522898674e-07
236,5.00003807246685e-07,2.00001522898674e-07
237,4.00003045797348e-07,1.9998697098344564e-07
238,4.00003045797348e-07,2.00001522898674e-07
239,3.9998849388211966e-07,2.00001522898674e-07
240,4.00003045797348e-07,2.00001522898674e-07
241,4.00003045797348e-07,3.00002284348011e-07
242,3.9998849388211966e-07,2.9998773243278265e-07
243,4.00003045797348e-07,3.00002284348011e-07
244,4.00003045797348e-07,3.00002284348011e-07
245,4.00003045797348e-07,3.00002284348011e-07
246,4.00003045797348e-07,3.00002284348011e-07
247,4.00003045797348e-07,3.00002284348011e-07
248,4.00003045797348e-07,3.00002284348011e-07
249,3.9998849388211966e-07,4.00003045797348e-07
250,4.00003045797348e-07,1.6999983927235007e-06
251,4.00003045797348e-07,4.00003045797348e-07
252,3.9998849388211966e-07,3.9998849388211966e-07
253,4.00003045797348e-07,3.00002284348011e-07
254,4.00003045797348e-07,3.00002284348011e-07
255,4.999892553314567e-07,3.00002284348011e-07
256,4.00003045797348e-07,2.9998773243278265e-07
257,4.00003045797348e-07,3.00002284348011e-07
258,3.9998849388211966e-07,3.00002284348011e-07
259,4.00003045797348e-07,3.00002284348011e-07
260,4.00003045797348e-07,3.00002284348011e-07
261,4.00003045797348e-07,2.9998773243278265e-07
262,4.00003045797348e-07,3.00002284348011e-07
263,4.00003045797348e-07,3.00002284348011e-07
264,4.00003045797348e-07,3.00002284348011e-07
265,3.9998849388211966e-07,2.00001522898674e-07
266,4.00003045797348e-07,2.00001522898674e-07
267,4.00003045797348e-07,3.00002284348011e-07
268,3.9998849388211966e-07,3.00002284348011e-07
269,4.00003045797348e-07,3.00002284348011e-07
270,4.00003045797348e-07,3.00002284348011e-07
271,4.00003045797348e-07,3.00002284348011e-07
272,4.00003045797348e-07,3.00002284348011e-07
273,4.00003045797348e-07,3.00002284348011e-07
274,3.9998849388211966e-07,2.9998773243278265e-07
275,5.00003807246685e-07,3.00002284348011e-07
276,4.00003045797348e-07,3.00002284348011e-07
277,3.9998849388211966e-07,3.00002284348011e-07
278,4.00003045797348e-07,3.00002284348011e-07
279,4.00003045797348e-07,2.9998773243278265e-07
280,3.9998849388211966e-07,3.00002284348011e-07
281,4.00003045797348e-07,3.00002284348011e-07
282,4.00003045797348e-07,3.00002284348011e-07
283,4.00003045797348e-07,3.00002284348011e-07
284,4.00003045797348e-07,2.9998773243278265e-07
285,4.00003045797348e-07,3.00002284348011e-07
286,4.00003045797348e-07,3.00002284348011e-07
287,3.9998849388211966e-07,3.00002284348011e-07
288,4.00003045797348e-07,3.00002284348011e-07
289,4.00003045797348e-07,3.00002284348011e-07
290,3.9998849388211966e-07,3.00002284348011e-07
291,4.00003045797348e-07,3.00002284348011e-07
292,4.00003045797348e-07,3.00002284348011e-07
293,4.00003045797348e-07,2.00001522898674e-07
294,4.00003045797348e-07,2.00001522898674e-07
295,4.00003045797348e-07,2.00001522898674e-07
296,4.00003045797348e-07,2.00001522898674e-07
297,3.9998849388211966e-07,2.00001522898674e-07
298,4.00003045797348e-07,2.00001522898674e-07
299,4.00003045797348e-07,2.00001522898674e-07
300,3.9998849388211966e-07,2.00001522898674e-07
301,4.00003045797348e-07,3.00002284348011e-07
302,4.00003045797348e-07,3.00002284348011e-07
303,4.00003045797348e-07,2.9998773243278265e-07
304,4.00003045797348e-07,3.00002284348011e-07
305,4.00003045797348e-07,3.00002284348011e-07
306,5.00003807246685e-07,3.00002284348011e-07
307,3.9998849388211966e-07,3.00002284348011e-07
308,4.00003045797348e-07,2.9998773243278265e-07
309,4.00003045797348e-07,3.00002284348011e-07
310,4.00003045797348e-07,3.00002284348011e-07
311,5.00003807246685e-07,3.00002284348011e-07
312,3.9998849388211966e-07,2.9998773243278265e-07
313,4.00003045797348e-07,3.00002284348011e-07
314,4.00003045797348e-07,3.00002284348011e-07
315,3.9998849388211966e-07,3.00002284348011e-07
316,4.00003045797348e-07,2.00001522898674e-07
317,4.00003045797348e-07,1.9998697098344564e-07
318,4.00003045797348e-07,2.00001522898674e-07
319,4.00003045797348e-07,2.00001522898674e-07
320,4.00003045797348e-07,2.00001522898674e-07
321,4.00003045797348e-07,2.00001522898674e-07
322,3.9998849388211966e-07,2.9998773243278265e-07
323,4.00003045797348e-07,3.00002284348011e-07
324,4.00003045797348e-07,3.00002284348011e-07
325,3.9998849388211966e-07,3.00002284348011e-07
326,4.00003045797348e-07,3.00002284348011e-07
327,4.00003045797348e-07,3.00002284348011e-07
328,4.00003045797348e-07,3.00002284348011e-07
329,4.00003045797348e-07,3.00002284348011e-07
330,4.00003045797348e-07,3.00002284348011e-07
331,4.00003045797348e-07,2.9998773243278265e-07
332,3.9998849388211966e-07,3.00002284348011e-07
333,4.00003045797348e-07,3.00002284348011e-07
334,4.00003045797348e-07,3.00002284348011e-07
335,3.9998849388211966e-07,3.00002284348011e-07
336,4.00003045797348e-07,2.9998773243278265e-07
337,4.00003045797348e-07,3.00002284348011e-07
338,4.00003045797348e-07,3.00002284348011e-07
339,4.00003045797348e-07,3.00002284348011e-07
340,4.00003045797348e-07,3.00002284348011e-07
341,5.00003807246685e-07,2.9998773243278265e-07
342,3.9998849388211966e-07,2.00001522898674e-07
343,4.00003045797348e-07,2.00001522898674e-07
344,4.00003045797348e-07,2.00001522898674e-07
345,3.9998849388211966e-07,2.00001522898674e-07
346,5.00003807246685e-07,1.9998697098344564e-07
347,4.00003045797348e-07,3.00002284348011e-07
348,3.9998849388211966e-07,3.00002284348011e-07
349,4.00003045797348e-07,3.00002284348011e-07
350,4.00003045797348e-07,3.00002284348011e-07
351,5.00003807246685e-07,2.9998773243278265e-07
352,4.00003045797348e-07,3.00002284348011e-07
353,4.00003045797348e-07,3.00002284348011e-07
354,3.9998849388211966e-07,3.00002284348011e-07
355,4.00003045797348e-07,3.00002284348011e-07
356,1.5999976312741637e-06,3.00002284348011e-07
357,3.00002284348011e-07,2.00001522898674e-07
358,4.00003045797348e-07,2.00001522898674e-07
359,4.00003045797348e-07,2.00001522898674e-07
360,4.00003045797348e-07,2.00001522898674e-07
361,4.00003045797348e-07,2.00001522898674e-07
362,4.999892553314567e-07,3.00002284348011e-07
363,4.00003045797348e-07,2.00001522898674e-07
364,4.00003045797348e-07,1.9998697098344564e-07
365,3.9998849388211966e-07,3.00002284348011e-07
366,5.00003807246685e-07,3.00002284348011e-07
367,4.00003045797348e-07,3.00002284348011e-07
368,3.9998849388211966e-07,3.00002284348011e-07
369,4.00003045797348e-07,2.9998773243278265e-07
370,4.00003045797348e-07,3.00002284348011e-07
371,4.00003045797348e-07,3.00002284348011e-07
372,4.00003045797348e-07,3.00002284348011e-07
373,4.00003045797348e-07,3.00002284348011e-07
374,4.00003045797348e-07,2.9998773243278265e-07
375,4.999892553314567e-07,3.00002284348011e-07
376,4.00003045797348e-07,1.2999953469261527e-06
377,4.00003045797348e-07,4.00003045797348e-07
378,3.9998849388211966e-07,3.00002284348011e-07
379,4.00003045797348e-07,3.00002284348011e-07
380,4.00003045797348e-07,6.999907782301307e-07
381,4.00003045797348e-07,3.00002284348011e-07
382,4.00003045797348e-07,3.00002284348011e-07
383,4.00003045797348e-07,2.00001522898674e-07
384,4.00003045797348e-07,2.00001522898674e-07
385,3.9998849388211966e-07,3.00002284348011e-07
386,4.00003045797348e-07,3.00002284348011e-07
387,4.00003045797348e-07,3.00002284348011e-07
388,3.9998849388211966e-07,2.00001522898674e-07
389,4.00003045797348e-07,2.00001522898674e-07
390,4.00003045797348e-07,2.00001522898674e-07
391,4.999892553314567e-07,2.00001522898674e-07
392,4.00003045797348e-07,3.00002284348011e-07
393,4.00003045797348e-07,3.00002284348011e-07
394,4.00003045797348e-07,2.9998773243278265e-07
395,4.00003045797348e-07,3.00002284348011e-07
396,4.00003045797348e-07,3.00002284348011e-07
397,4.00003045797348e-07,3.00002284348011e-07
398,3.9998849388211966e-07,3.00002284348011e-07
399,4.00003045797348e-07,2.9998773243278265e-07
400,4.00003045797348e-07,3.00002284348011e-07
401,4.999892553314567e-07,3.00002284348011e-07
402,4.00003045797348e-07,3.00002284348011e-07
403,4.00003045797348e-07,3.00002284348011e-07
404,4.999892553314567e-07,3.00002284348011e-07
405,4.00003045797348e-07,3.00002284348011e-07
406,4.00003045797348e-07,3.00002284348011e-07
407,3.9998849388211966e-07,2.9998773243278265e-07
408,4.00003045797348e-07,3.00002284348011e-07
409,4.00003045797348e-07,2.00001522898674e-07
410,4.00003045797348e-07,3.00002284348011e-07
411,4.00003045797348e-07,2.00001522898674e-07
412,4.00003045797348e-07,1.9998697098344564e-07
413,4.00003045797348e-07,2.00001522898674e-07
414,3.9998849388211966e-07,2.00001522898674e-07
415,4.00003045797348e-07,2.00001522898674e-07
416,4.00003045797348e-07,3.00002284348011e-07
417,3.9998849388211966e-07,2.9998773243278265e-07
418,4.00003045797348e-07,3.00002284348011e-07
419,4.00003045797348e-07,3.00002284348011e-07
420,3.9998849388211966e-07,3.00002284348011e-07
421,4.00003045797348e-07,3.00002284348011e-07
422,4.00003045797348e-07,2.9998773243278265e-07
423,4.00003045797348e-07,3.00002284348011e-07
424,4.00003045797348e-07,3.00002284348011e-07
425,4.00003045797348e-07,3.00002284348011e-07
426,4.00003045797348e-07,3.00002284348011e-07
427,4.999892553314567e-07,2.9998773243278265e-07
428,4.00003045797348e-07,3.00002284348011e-07
429,4.00003045797348e-07,3.00002284348011e-07
430,3.9998849388211966e-07,3.00002284348011e-07
431,4.00003045797348e-07,3.00002284348011e-07
432,4.00003045797348e-07,3.00002284348011e-07
433,4.00003045797348e-07,3.00002284348011e-07
434,4.00003045797348e-07,2.00001522898674e-07
435,4.00003045797348e-07,2.00001522898674e-07
436,4.00003045797348e-07,2.00001522898674e-07
437,3.9998849388211966e-07,2.00001522898674e-07
438,4.00003045797348e-07,2.00001522898674e-07
439,4.00003045797348e-07,2.00001522898674e-07
440,4.999892553314567e-07,2.00001522898674e-07
441,4.00003045797348e-07,2.9998773243278265e-07
442,4.00003045797348e-07,3.00002284348011e-07
443,4.00003045797348e-07,3.00002284348011e-07
444,4.00003045797348e-07,3.00002284348011e-07
445,4.00003045797348e-07,3.00002284348011e-07
446,4.00003045797348e-07,2.9998773243278265e-07
447,3.9998849388211966e-07,3.00002284348011e-07
448,4.00003045797348e-07,3.00002284348011e-07
449,4.00003045797348e-07,3.00002284348011e-07
450,3.9998849388211966e-07,3.00002284348011e-07
451,4.00003045797348e-07,2.9998773243278265e-07
452,4.00003045797348e-07,3.00002284348011e-07
453,3.9998849388211966e-07,3.00002284348011e-07
454,4.00003045797348e-07,3.00002284348011e-07
455,4.00003045797348e-07,3.00002284348011e-07
456,4.00003045797348e-07,3.00002284348011e-07
457,4.00003045797348e-07,3.00002284348011e-07
458,4.00003045797348e-07,3.00002284348011e-07
459,4.00003045797348e-07,2.9998773243278265e-07
460,4.00003045797348e-07,2.00001522898674e-07
461,5.00003807246685e-07,2.00001522898674e-07
462,3.9998849388211966e-07,2.00001522898674e-07
463,4.00003045797348e-07,2.00001522898674e-07
464,4.00003045797348e-07,2.00001522898674e-07
465,3.9998849388211966e-07,2.00001522898674e-07
466,4.00003045797348e-07,2.00001522898674e-07
467,4.00003045797348e-07,3.00002284348011e-07
468,4.00003045797348e-07,3.00002284348011e-07
469,4.00003045797348e-07,2.9998773243278265e-07
470,4.00003045797348e-07,3.00002284348011e-07
471,4.00003045797348e-07,3.00002284348011e-07
472,3.9998849388211966e-07,3.00002284348011e-07
473,4.00003045797348e-07,3.00002284348011e-07
474,4.00003045797348e-07,2.9998773243278265e-07
475,3.9998849388211966e-07,3.00002284348011e-07
476,4.00003045797348e-07,3.00002284348011e-07
477,5.00003807246685e-07,3.00002284348011e-07
478,3.9998849388211966e-07,3.00002284348011e-07
479,4.00003045797348e-07,2.9998773243278265e-07
480,4.00003045797348e-07,3.00002284348011e-07
481,4.00003045797348e-07,3.00002284348011e-07
482,5.00003807246685e-07,3.00002284348011e-07
483,4.00003045797348e-07,3.00002284348011e-07
484,1.4999968698248267e-06,3.00002284348011e-07
485,4.00003045797348e-07,3.00002284348011e-07
486,3.9998849388211966e-07,3.00002284348011e-07
487,4.00003045797348e-07,3.00002284348011e-07
488,5.00003807246685e-07,2.00001522898674e-07
489,4.00003045797348e-07,3.00002284348011e-07
490,4.00003045797348e-07,2.00001522898674e-07
491,4.00003045797348e-07,2.00001522898674e-07
492,4.00003045797348e-07,2.00001522898674e-07
493,4.00003045797348e-07,2.9998773243278265e-07
494,5.00003807246685e-07,3.00002284348011e-07
495,4.00003045797348e-07,3.00002284348011e-07
496,3.9998849388211966e-07,3.00002284348011e-07
497,4.00003045797348e-07,2.00001522898674e-07
498,4.00003045797348e-07,1.9998697098344564e-07
499,4.00003045797348e-07,2.00001522898674e-07
500,4.00003045797348e-07,2.00001522898674e-07
501,4.00003045797348e-07,3.00002284348011e-07
502,4.00003045797348e-07,3.00002284348011e-07
503,4.999892553314567e-07,2.9998773243278265e-07
504,4.00003045797348e-07,1.300009898841381e-06
505,4.00003045797348e-07,2.9998773243278265e-07
506,3.9998849388211966e-07,3.00002284348011e-07
507,4.00003045797348e-07,3.00002284348011e-07
508,4.00003045797348e-07,4.00003045797348e-07
509,3.9998849388211966e-07,3.00002284348011e-07
510,5.00003807246685e-07,2.9998773243278265e-07
511,4.00003045797348e-07,3.00002284348011e-07
512,3.9998849388211966e-07,3.00002284348011e-07
513,4.00003045797348e-07,3.00002284348011e-07
514,4.00003045797348e-07,3.00002284348011e-07
515,4.00003045797348e-07,3.00002284348011e-07
516,4.00003045797348e-07,3.00002284348011e-07
517,4.00003045797348e-07,3.00002284348011e-07
518,5.00003807246685e-07,3.00002284348011e-07
519,3.9998849388211966e-07,2.9998773243278265e-07
520,4.00003045797348e-07,3.00002284348011e-07
521,4.00003045797348e-07,3.00002284348011e-07
522,3.00002284348011e-07,2.00001522898674e-07
523,4.00003045797348e-07,2.9998773243278265e-07
524,4.00003045797348e-07,2.00001522898674e-07
525,4.00003045797348e-07,3.00002284348011e-07
526,4.00003045797348e-07,3.00002284348011e-07
527,4.00003045797348e-07,2.00001522898674e-07
528,3.9998849388211966e-07,2.00001522898674e-07
529,4.00003045797348e-07,2.00001522898674e-07
530,5.00003807246685e-07,2.00001522898674e-07
531,3.9998849388211966e-07,2.00001522898674e-07
532,4.00003045797348e-07,3.00002284348011e-07
533,4.00003045797348e-07,3.00002284348011e-07
534,3.9998849388211966e-07,3.00002284348011e-07
535,4.00003045797348e-07,3.00002284348011e-07
536,4.00003045797348e-07,3.00002284348011e-07
537,4.00003045797348e-07,2.9998773243278265e-07
538,4.00003045797348e-07,3.00002284348011e-07
539,4.00003045797348e-07,3.00002284348011e-07
540,4.00003045797348e-07,3.00002284348011e-07
541,3.9998849388211966e-07,3.00002284348011e-07
542,4.00003045797348e-07,2.9998773243278265e-07
543,4.00003045797348e-07,3.00002284348011e-07
544,3.9998849388211966e-07,3.00002284348011e-07
545,4.00003045797348e-07,3.00002284348011e-07
546,4.00003045797348e-07,3.00002284348011e-07
547,4.00003045797348e-07,2.9998773243278265e-07
548,4.00003045797348e-07,3.00002284348011e-07
549,5.00003807246685e-07,3.00002284348011e-07
550,4.00003045797348e-07,3.00002284348011e-07
551,3.9998849388211966e-07,3.00002284348011e-07
552,4.00003045797348e-07,2.9998773243278265e-07
553,4.00003045797348e-07,3.00002284348011e-07
554,4.999892553314567e-07,3.00002284348011e-07
555,4.00003045797348e-07,2.00001522898674e-07
556,4.00003045797348e-07,2.00001522898674e-07
557,4.00003045797348e-07,2.00001522898674e-07
558,4.00003045797348e-07,2.00001522898674e-07
559,4.00003045797348e-07,3.00002284348011e-07
560,4.00003045797348e-07,3.00002284348011e-07
561,3.9998849388211966e-07,3.00002284348011e-07
562,4.00003045797348e-07,3.00002284348011e-07
563,5.00003807246685e-07,3.00002284348011e-07
564,3.9998849388211966e-07,3.00002284348011e-07
565,4.00003045797348e-07,3.00002284348011e-07
566,4.00003045797348e-07,2.9998773243278265e-07
567,3.9998849388211966e-07,3.00002284348011e-07
568,4.00003045797348e-07,3.00002284348011e-07
569,4.00003045797348e-07,3.00002284348011e-07
570,4.00003045797348e-07,3.00002284348011e-07
571,4.00003045797348e-07,2.9998773243278265e-07
572,4.00003045797348e-07,3.00002284348011e-07
573,4.00003045797348e-07,3.00002284348011e-07
574,3.9998849388211966e-07,3.00002284348011e-07
575,4.00003045797348e-07,3.00002284348011e-07
576,4.00003045797348e-07,2.9998773243278265e-07
577,3.9998849388211966e-07,2.00001522898674e-07
578,4.00003045797348e-07,3.00002284348011e-07
579,4.00003045797348e-07,2.00001522898674e-07
580,5.00003807246685e-07,2.00001522898674e-07
581,4.00003045797348e-07,2.00001522898674e-07
582,4.00003045797348e-07,2.00001522898674e-07
583,4.00003045797348e-07,3.00002284348011e-07
584,3.9998849388211966e-07,3.00002284348011e-07
585,4.00003045797348e-07,3.00002284348011e-07
586,4.00003045797348e-07,3.00002284348011e-07
587,3.9998849388211966e-07,3.00002284348011e-07
588,4.00003045797348e-07,3.00002284348011e-07
589,4.00003045797348e-07,3.00002284348011e-07
590,4.00003045797348e-07,3.00002284348011e-07
591,4.00003045797348e-07,3.00002284348011e-07
592,4.00003045797348e-07,3.00002284348011e-07
593,4.00003045797348e-07,3.00002284348011e-07
594,4.00003045797348e-07,2.9998773243278265e-07
595,4.00003045797348e-07,2.00001522898674e-07
596,3.9998849388211966e-07,2.00001522898674e-07
597,4.00003045797348e-07,2.00001522898674e-07
598,4.00003045797348e-07,3.00002284348011e-07
599,3.9998849388211966e-07,2.9998773243278265e-07
600,5.00003807246685e-07,3.00002284348011e-07
601,4.00003045797348e-07,3.00002284348011e-07
602,4.00003045797348e-07,3.00002284348011e-07
603,4.00003045797348e-07,3.00002284348011e-07
604,4.00003045797348e-07,2.9998773243278265e-07
605,4.00003045797348e-07,3.00002284348011e-07
606,3.9998849388211966e-07,3.00002284348011e-07
607,4.00003045797348e-07,2.00001522898674e-07
608,4.00003045797348e-07,2.00001522898674e-07
609,3.9998849388211966e-07,2.00001522898674e-07
610,4.00003045797348e-07,2.00001522898674e-07
611,5.00003807246685e-07,2.00001522898674e-07
612,1.5999976312741637e-06,3.00002284348011e-07
613,4.00003045797348e-07,2.9998773243278265e-07
614,3.9998849388211966e-07,3.00002284348011e-07
615,4.00003045797348e-07,3.00002284348011e-07
616,4.00003045797348e-07,3.00002284348011e-07
617,4.999892553314567e-07,3.00002284348011e-07
618,4.00003045797348e-07,2.9998773243278265e-07
619,4.00003045797348e-07,3.00002284348011e-07
620,4.00003045797348e-07,3.00002284348011e-07
621,5.00003807246685e-07,3.00002284348011e-07
622,4.00003045797348e-07,3.00002284348011e-07
623,4.00003045797348e-07,2.9998773243278265e-07
624,3.9998849388211966e-07,3.00002284348011e-07
625,4.00003045797348e-07,3.00002284348011e-07
626,4.00003045797348e-07,3.00002284348011e-07
627,3.9998849388211966e-07,3.00002284348011e-07
628,4.00003045797348e-07,3.00002284348011e-07
629,4.00003045797348e-07,3.00002284348011e-07
630,3.9998849388211966e-07,3.00002284348011e-07
631,4.00003045797348e-07,3.00002284348011e-07
632,4.00003045797348e-07,8.899995009414852e-06
633,4.00003045797348e-07,4.00003045797348e-07
634,4.00003045797348e-07,2.9998773243278265e-07
635,4.00003045797348e-07,3.00002284348011e-07
636,4.00003045797348e-07,3.00002284348011e-07
637,4.999892553314567e-07,2.00001522898674e-07
638,4.00003045797348e-07,2.00001522898674e-07
639,4.00003045797348e-07,2.9998773243278265e-07
640,3.9998849388211966e-07,3.00002284348011e-07
641,4.00003045797348e-07,3.00002284348011e-07
642,4.00003045797348e-07,3.00002284348011e-07
643,4.00003045797348e-07,3.00002284348011e-07
644,4.00003045797348e-07,2.9998773243278265e-07
645,4.00003045797348e-07,3.00002284348011e-07
646,5.00003807246685e-07,3.00002284348011e-07
647,3.9998849388211966e-07,3.00002284348011e-07
648,4.00003045797348e-07,3.00002284348011e-07
649,4.00003045797348e-07,3.00002284348011e-07
650,3.9998849388211966e-07,3.00002284348011e-07
651,4.00003045797348e-07,3.00002284348011e-07
652,4.00003045797348e-07,3.00002284348011e-07
653,4.00003045797348e-07,3.00002284348011e-07
654,4.00003045797348e-07,3.00002284348011e-07
655,3.00002284348011e-07,3.00002284348011e-07
656,4.00003045797348e-07,3.00002284348011e-07
657,3.9998849388211966e-07,3.00002284348011e-07
658,4.00003045797348e-07,2.9998773243278265e-07
659,4.00003045797348e-07,3.00002284348011e-07
660,3.9998849388211966e-07,3.00002284348011e-07
661,4.00003045797348e-07,3.00002284348011e-07
662,4.00003045797348e-07,3.00002284348011e-07
663,3.9998849388211966e-07,2.9998773243278265e-07
664,4.00003045797348e-07,2.00001522898674e-07
665,4.00003045797348e-07,2.00001522898674e-07
666,4.00003045797348e-07,2.00001522898674e-07
667,4.00003045797348e-07,2.00001522898674e-07
668,3.00002284348011e-07,1.9998697098344564e-07
669,4.00003045797348e-07,3.00002284348011e-07
670,3.9998849388211966e-07,3.00002284348011e-07
671,4.00003045797348e-07,3.00002284348011e-07
672,4.00003045797348e-07,3.00002284348011e-07
673,4.00003045797348e-07,2.9998773243278265e-07
674,4.00003045797348e-07,4.00003045797348e-07
675,3.9998849388211966e-07,3.00002284348011e-07
676,4.00003045797348e-07,3.00002284348011e-07
677,4.00003045797348e-07,3.00002284348011e-07
678,3.9998849388211966e-07,2.9998773243278265e-07
679,4.00003045797348e-07,3.00002284348011e-07
680,4.00003045797348e-07,2.00001522898674e-07
681,4.00003045797348e-07,2.00001522898674e-07
682,5.00003807246685e-07,2.00001522898674e-07
683,4.00003045797348e-07,2.00001522898674e-07
684,4.00003045797348e-07,2.00001522898674e-07
685,3.9998849388211966e-07,2.00001522898674e-07
686,5.00003807246685e-07,2.00001522898674e-07
687,4.00003045797348e-07,2.00001522898674e-07
688,3.9998849388211966e-07,3.00002284348011e-07
689,4.00003045797348e-07,3.00002284348011e-07
690,4.00003045797348e-07,3.00002284348011e-07
691,4.999892553314567e-07,3.00002284348011e-07
692,4.00003045797348e-07,3.00002284348011e-07
693,4.00003045797348e-07,3.00002284348011e-07
694,4.00003045797348e-07,3.00002284348011e-07
695,4.00003045797348e-07,3.00002284348011e-07
696,4.00003045797348e-07,3.00002284348011e-07
697,4.00003045797348e-07,2.9998773243278265e-07
698,3.9998849388211966e-07,3.00002284348011e-07
699,4.00003045797348e-07,2.00001522898674e-07
700,4.00003045797348e-07,3.00002284348011e-07
701,4.00003045797348e-07,3.00002284348011e-07
702,4.00003045797348e-07,2.9998773243278265e-07
703,4.00003045797348e-07,3.00002284348011e-07
704,4.00003045797348e-07,3.00002284348011e-07
705,4.00003045797348e-07,3.00002284348011e-07
706,4.00003045797348e-07,3.00002284348011e-07
707,4.00003045797348e-07,2.9998773243278265e-07
708,3.9998849388211966e-07,3.00002284348011e-07
709,4.00003045797348e-07,3.00002284348011e-07
710,4.00003045797348e-07,3.00002284348011e-07
711,3.9998849388211966e-07,3.00002284348011e-07
712,4.00003045797348e-07,3.00002284348011e-07
713,4.00003045797348e-07,3.00002284348011e-07
714,4.00003045797348e-07,3.00002284348011e-07
715,4.00003045797348e-07,3.00002284348011e-07
716,5.00003807246685e-07,2.9998773243278265e-07
717,4.00003045797348e-07,3.00002284348011e-07
718,3.9998849388211966e-07,3.00002284348011e-07
719,4.00003045797348e-07,3.00002284348011e-07
720,4.00003045797348e-07,2.00001522898674e-07
721,3.9998849388211966e-07,1.9998697098344564e-07
722,4.00003045797348e-07,2.00001522898674e-07
723,4.00003045797348e-07,2.00001522898674e-07
724,3.9998849388211966e-07,2.00001522898674e-07
725,4.00003045797348e-07,2.00001522898674e-07
726,5.00003807246685e-07,1.9998697098344564e-07
727,4.00003045797348e-07,2.00001522898674e-07
728,3.9998849388211966e-07,3.00002284348011e-07
729,4.00003045797348e-07,3.00002284348011e-07
730,4.00003045797348e-07,3.00002284348011e-07
731,3.9998849388211966e-07,2.9998773243278265e-07
732,4.00003045797348e-07,3.00002284348011e-07
733,4.00003045797348e-07,3.00002284348011e-07
734,3.9998849388211966e-07,3.00002284348011e-07
735,4.00003045797348e-07,3.00002284348011e-07
736,4.00003045797348e-07,2.9998773243278265e-07
737,4.00003045797348e-07,3.00002284348011e-07
738,4.00003045797348e-07,3.00002284348011e-07
739,4.00003045797348e-07,3.00002284348011e-07
740,5.299996701069176e-06,3.00002284348011e-07
741,5.00003807246685e-07,3.00002284348011e-07
742,4.999892553314567e-07,3.00002284348011e-07
743,4.00003045797348e-07,3.00002284348011e-07
744,4.00003045797348e-07,3.00002284348011e-07
745,3.9998849388211966e-07,2.9998773243278265e-07
746,4.00003045797348e-07,3.00002284348011e-07
747,4.00003045797348e-07,3.00002284348011e-07
748,3.9998849388211966e-07,3.00002284348011e-07
749,4.00003045797348e-07,3.00002284348011e-07
750,5.00003807246685e-07,2.9998773243278265e-07
751,4.00003045797348e-07,3.00002284348011e-07
752,4.00003045797348e-07,3.00002284348011e-07
753,4.00003045797348e-07,3.00002284348011e-07
754,4.00003045797348e-07,3.00002284348011e-07
755,3.9998849388211966e-07,1.9998697098344564e-07
756,4.00003045797348e-07,2.00001522898674e-07
757,4.00003045797348e-07,2.00001522898674e-07
758,3.9998849388211966e-07,2.00001522898674e-07
759,5.00003807246685e-07,3.00002284348011e-07
760,4.00003045797348e-07,1.400010660290718e-06
761,4.00003045797348e-07,3.00002284348011e-07
762,5.00003807246685e-07,4.00003045797348e-07
763,4.00003045797348e-07,2.9998773243278265e-07
764,3.9998849388211966e-07,3.00002284348011e-07
765,4.00003045797348e-07,3.00002284348011e-07
766,4.00003045797348e-07,3.00002284348011e-07
767,3.9998849388211966e-07,2.00001522898674e-07
768,4.00003045797348e-07,3.00002284348011e-07
769,4.00003045797348e-07,3.00002284348011e-07
770,4.00003045797348e-07,3.00002284348011e-07
771,3.9998849388211966e-07,2.00001522898674e-07
772,4.00003045797348e-07,2.9998773243278265e-07
773,4.00003045797348e-07,3.00002284348011e-07
774,3.9998849388211966e-07,3.00002284348011e-07
775,4.00003045797348e-07,3.00002284348011e-07
776,4.00003045797348e-07,3.00002284348011e-07
777,3.9998849388211966e-07,2.9998773243278265e-07
778,4.00003045797348e-07,3.00002284348011e-07
779,4.00003045797348e-07,3.00002284348011e-07
780,4.00003045797348e-07,3.00002284348011e-07
781,4.00003045797348e-07,3.00002284348011e-07
782,4.00003045797348e-07,3.00002284348011e-07
783,4.00003045797348e-07,3.00002284348011e-07
784,3.9998849388211966e-07,3.00002284348011e-07
785,4.00003045797348e-07,3.00002284348011e-07
786,4.00003045797348e-07,3.00002284348011e-07
787,3.9998849388211966e-07,3.00002284348011e-07
788,4.00003045797348e-07,3.00002284348011e-07
789,4.00003045797348e-07,3.00002284348011e-07
790,4.00003045797348e-07,3.00002284348011e-07
791,4.00003045797348e-07,2.9998773243278265e-07
792,4.00003045797348e-07,3.00002284348011e-07
793,3.00002284348011e-07,3.00002284348011e-07
794,2.9998773243278265e-07,3.00002284348011e-07
795,4.00003045797348e-07,3.00002284348011e-07
796,3.00002284348011e-07,2.9998773243278265e-07
797,3.00002284348011e-07,3.00002284348011e-07
798,3.00002284348011e-07,3.00002284348011e-07
799,3.00002284348011e-07,3.00002284348011e-07
800,4.00003045797348e-07,3.00002284348011e-07
801,3.00002284348011e-07,2.9998773243278265e-07
802,3.00002284348011e-07,3.00002284348011e-07
803,4.00003045797348e-07,3.00002284348011e-07
804,3.00002284348011e-07,3.00002284348011e-07
805,3.00002284348011e-07,3.00002284348011e-07
806,3.00002284348011e-07,3.00002284348011e-07
807,2.9998773243278265e-07,3.00002284348011e-07
808,4.00003045797348e-07,3.00002284348011e-07
809,3.00002284348011e-07,3.00002284348011e-07
810,3.00002284348011e-07,2.9998773243278265e-07
811,3.9998849388211966e-07,2.00001522898674e-07
812,3.00002284348011e-07,2.00001522898674e-07
813,3.00002284348011e-07,2.00001522898674e-07
814,4.00003045797348e-07,2.00001522898674e-07
815,2.9998773243278265e-07,1.9998697098344564e-07
816,3.00002284348011e-07,3.00002284348011e-07
817,4.00003045797348e-07,3.00002284348011e-07
818,3.00002284348011e-07,3.00002284348011e-07
819,3.9998849388211966e-07,3.00002284348011e-07
820,4.00003045797348e-07,2.9998773243278265e-07
821,3.00002284348011e-07,3.00002284348011e-07
822,4.00003045797348e-07,3.00002284348011e-07
823,2.9998773243278265e-07,3.00002284348011e-07
824,3.00002284348011e-07,3.00002284348011e-07
825,3.00002284348011e-07,2.9998773243278265e-07
826,3.00002284348011e-07,3.00002284348011e-07
827,2.9998773243278265e-07,3.00002284348011e-07
828,4.00003045797348e-07,3.00002284348011e-07
829,3.00002284348011e-07,3.00002284348011e-07
830,3.00002284348011e-07,2.9998773243278265e-07
831,3.9998849388211966e-07,3.00002284348011e-07
832,3.00002284348011e-07,3.00002284348011e-07
833,3.00002284348011e-07,3.00002284348011e-07
834,4.00003045797348e-07,3.00002284348011e-07
835,3.00002284348011e-07,2.00001522898674e-07
836,3.00002284348011e-07,2.00001522898674e-07
837,3.00002284348011e-07,2.00001522898674e-07
838,3.00002284348011e-07,2.00001522898674e-07
839,4.00003045797348e-07,2.00001522898674e-07
840,3.00002284348011e-07,3.00002284348011e-07
841,3.00002284348011e-07,3.00002284348011e-07
842,4.00003045797348e-07,3.00002284348011e-07
843,3.00002284348011e-07,3.00002284348011e-07
844,2.9998773243278265e-07,2.9998773243278265e-07
845,4.00003045797348e-07,3.00002284348011e-07
846,3.00002284348011e-07,3.00002284348011e-07
847,3.00002284348011e-07,3.00002284348011e-07
848,3.9998849388211966e-07,3.00002284348011e-07
849,3.00002284348011e-07,2.9998773243278265e-07
850,3.00002284348011e-07,3.00002284348011e-07
851,3.00002284348011e-07,3.00002284348011e-07
852,2.9998773243278265e-07,3.00002284348011e-07
853,4.00003045797348e-07,3.00002284348011e-07
854,3.00002284348011e-07,2.9998773243278265e-07
855,3.00002284348011e-07,3.00002284348011e-07
856,3.9998849388211966e-07,3.00002284348011e-07
857,3.00002284348011e-07,3.00002284348011e-07
858,3.00002284348011e-07,3.00002284348011e-07
859,4.00003045797348e-07,3.00002284348011e-07
860,2.9998773243278265e-07,3.00002284348011e-07
861,3.00002284348011e-07,3.00002284348011e-07
862,3.00002284348011e-07,4.00003045797348e-07
863,3.00002284348011e-07,2.9998773243278265e-07
864,3.00002284348011e-07,3.00002284348011e-07
865,3.00002284348011e-07,3.00002284348011e-07
866,1.3999961083754897e-06,3.00002284348011e-07
867,3.00002284348011e-07,3.00002284348011e-07
868,3.00002284348011e-07,2.9998773243278265e-07
869,4.00003045797348e-07,3.00002284348011e-07
870,4.00003045797348e-07,3.00002284348011e-07
871,3.00002284348011e-07,3.00002284348011e-07
872,4.00003045797348e-07,3.00002284348011e-07
873,3.00002284348011e-07,3.00002284348011e-07
874,3.00002284348011e-07,3.00002284348011e-07
875,4.00003045797348e-07,3.00002284348011e-07
876,3.00002284348011e-07,3.00002284348011e-07
877,3.00002284348011e-07,2.9998773243278265e-07
878,2.9998773243278265e-07,2.00001522898674e-07
879,3.00002284348011e-07,2.00001522898674e-07
880,3.00002284348011e-07,2.00001522898674e-07
881,3.00002284348011e-07,2.00001522898674e-07
882,2.9998773243278265e-07,2.9998773243278265e-07
883,4.00003045797348e-07,3.00002284348011e-07
884,3.00002284348011e-07,3.00002284348011e-07
885,3.00002284348011e-07,3.00002284348011e-07
886,3.9998849388211966e-07,1.3999961083754897e-06
887,3.00002284348011e-07,4.00003045797348e-07
888,3.00002284348011e-07,3.00002284348011e-07
889,3.00002284348011e-07,2.9998773243278265e-07
890,2.9998773243278265e-07,3.00002284348011e-07
891,4.00003045797348e-07,3.00002284348011e-07
892,3.00002284348011e-07,3.00002284348011e-07
893,3.00002284348011e-07,2.00001522898674e-07
894,3.00002284348011e-07,2.00001522898674e-07
895,3.00002284348011e-07,2.00001522898674e-07
896,4.00003045797348e-07,3.00002284348011e-07
897,3.00002284348011e-07,3.00002284348011e-07
898,3.00002284348011e-07,3.00002284348011e-07
899,4.00003045797348e-07,3.00002284348011e-07
900,3.00002284348011e-07,3.00002284348011e-07
901,3.00002284348011e-07,3.00002284348011e-07
902,4.00003045797348e-07,3.00002284348011e-07
903,3.00002284348011e-07,3.00002284348011e-07
904,3.00002284348011e-07,3.00002284348011e-07
905,4.00003045797348e-07,3.00002284348011e-07
906,3.00002284348011e-07,3.00002284348011e-07
907,3.00002284348011e-07,3.00002284348011e-07
908,4.00003045797348e-07,2.9998773243278265e-07
909,3.00002284348011e-07,3.00002284348011e-07
910,4.00003045797348e-07,3.00002284348011e-07
911,2.9998773243278265e-07,3.00002284348011e-07
912,3.00002284348011e-07,3.00002284348011e-07
913,4.00003045797348e-07,2.9998773243278265e-07
914,3.00002284348011e-07,3.00002284348011e-07
915,2.9998773243278265e-07,3.00002284348011e-07
916,3.00002284348011e-07,3.00002284348011e-07
917,3.00002284348011e-07,3.00002284348011e-07
918,4.00003045797348e-07,2.9998773243278265e-07
919,2.9998773243278265e-07,3.00002284348011e-07
920,3.00002284348011e-07,3.00002284348011e-07
921,3.00002284348011e-07,2.00001522898674e-07
922,3.00002284348011e-07,2.00001522898674e-07
923,2.9998773243278265e-07,2.00001522898674e-07
924,4.00003045797348e-07,2.00001522898674e-07
925,3.00002284348011e-07,3.00002284348011e-07
926,3.00002284348011e-07,2.00001522898674e-07
927,3.00002284348011e-07,3.00002284348011e-07
928,3.00002284348011e-07,3.00002284348011e-07
929,4.00003045797348e-07,3.00002284348011e-07
930,3.00002284348011e-07,3.00002284348011e-07
931,3.00002284348011e-07,3.00002284348011e-07
932,3.00002284348011e-07,2.9998773243278265e-07
933,3.00002284348011e-07,3.00002284348011e-07
934,4.00003045797348e-07,3.00002284348011e-07
935,3.00002284348011e-07,3.00002284348011e-07
936,3.00002284348011e-07,3.00002284348011e-07
937,4.00003045797348e-07,2.9998773243278265e-07
938,3.00002284348011e-07,3.00002284348011e-07
939,4.00003045797348e-07,3.00002284348011e-07
940,3.9998849388211966e-07,3.00002284348011e-07
941,3.00002284348011e-07,3.00002284348011e-07
942,4.00003045797348e-07,2.9998773243278265e-07
943,3.00002284348011e-07,3.00002284348011e-07
944,2.9998773243278265e-07,3.00002284348011e-07
945,3.00002284348011e-07,3.00002284348011e-07
946,3.00002284348011e-07,3.00002284348011e-07
947,3.00002284348011e-07,2.9998773243278265e-07
948,3.9998849388211966e-07,3.00002284348011e-07
949,3.00002284348011e-07,3.00002284348011e-07
950,3.00002284348011e-07,3.00002284348011e-07
951,4.00003045797348e-07,3.00002284348011e-07
952,2.9998773243278265e-07,3.00002284348011e-07
953,3.00002284348011e-07,3.00002284348011e-07
954,3.00002284348011e-07,3.00002284348011e-07
955,3.00002284348011e-07,3.00002284348011e-07
956,3.9998849388211966e-07,2.00001522898674e-07
957,3.00002284348011e-07,2.00001522898674e-07
958,3.00002284348011e-07,2.00001522898674e-07
959,4.00003045797348e-07,2.00001522898674e-07
960,3.00002284348011e-07,2.00001522898674e-07
961,4.00003045797348e-07,2.9998773243278265e-07
962,3.00002284348011e-07,3.00002284348011e-07
963,3.00002284348011e-07,3.00002284348011e-07
964,3.00002284348011e-07,3.00002284348011e-07
965,3.00002284348011e-07,3.00002284348011e-07
966,3.00002284348011e-07,2.9998773243278265e-07
967,3.00002284348011e-07,3.00002284348011e-07
968,3.00002284348011e-07,3.00002284348011e-07
969,3.9998849388211966e-07,3.00002284348011e-07
970,3.00002284348011e-07,3.00002284348011e-07
971,3.00002284348011e-07,2.9998773243278265e-07
972,4.00003045797348e-07,3.00002284348011e-07
973,2.9998773243278265e-07,3.00002284348011e-07
974,3.00002284348011e-07,3.00002284348011e-07
975,3.00002284348011e-07,2.9998773243278265e-07
976,2.9998773243278265e-07,3.00002284348011e-07
977,4.00003045797348e-07,3.00002284348011e-07
978,3.00002284348011e-07,3.00002284348011e-07
979,3.00002284348011e-07,3.00002284348011e-07
980,3.00002284348011e-07,2.9998773243278265e-07
981,3.00002284348011e-07,3.00002284348011e-07
982,4.00003045797348e-07,3.00002284348011e-07
983,3.00002284348011e-07,3.00002284348011e-07
984,3.00002284348011e-07,3.00002284348011e-07
985,4.00003045797348e-07,3.00002284348011e-07
986,3.00002284348011e-07,3.00002284348011e-07
987,3.00002284348011e-07,3.00002284348011e-07
988,3.00002284348011e-07,3.00002284348011e-07
989,2.9998773243278265e-07,3.00002284348011e-07
990,3.00002284348011e-07,3.00002284348011e-07
991,4.00003045797348e-07,3.00002284348011e-07
992,3.00002284348011e-07,3.00002284348011e-07
993,2.9998773243278265e-07,3.00002284348011e-07
994,1.300009898841381e-06,2.9998773243278265e-07
995,2.9998773243278265e-07,3.00002284348011e-07
996,3.00002284348011e-07,3.00002284348011e-07
997,3.00002284348011e-07,3.00002284348011e-07
998,2.00001522898674e-07,2.00001522898674e-07
999,2.00001522898674e-07,1.9998697098344564e-07
1000,2.9998773243278265e-07,2.00001522898674e-07
